substance,logP,fitted,residual,leverage,studentized,cook
Acetamide,-1.260,-0.6653,-0.5947,0.3756,-0.979,0.0231
Acetanilide,1.160,1.6204,-0.4604,0.1360,-0.641,0.0026
Acetazolamide,-0.260,-0.9454,0.6854,0.4306,1.186,0.0422
Acetic acid,-0.170,0.5860,-0.7560,0.2743,-1.158,0.0201
Acetohexamide,2.440,1.2538,1.1862,0.2780,1.855,0.0508
Acetone,-0.240,-0.0927,-0.1473,0.1546,-0.207,0.0003
Acetophenone,1.580,1.1440,0.4360,0.1347,0.606,0.0023
Amprenavir,2.200,2.6856,-0.4856,0.4483,-0.848,0.0235
Aniline,0.900,0.7457,0.1543,0.1222,0.212,0.0003
Anisole,2.110,1.5298,0.5802,0.0792,0.784,0.0021
Apricoxib,1.731,3.1174,-1.3864,0.3429,-2.308,0.1033
Benzaldehyde,1.480,1.4800,0.0000,1.0000,,
Benzene,2.130,1.5074,0.6226,0.0992,0.851,0.0032
Benzoic acid,1.870,1.8227,0.0473,0.2432,0.070,0.0001
Benzophenone,3.180,2.3886,0.7914,0.2287,1.176,0.0163
Benzothiazole,2.010,2.0168,-0.0068,0.2053,-0.010,0.0000
Bosentan,3.700,3.7934,-0.0934,0.4454,-0.162,0.0009
Brinzolamide,-1.800,0.1741,-1.9741,0.3875,-3.611,0.2725
Bromobenzene,2.990,2.9900,0.0000,1.0000,,
Bumetanide,2.600,2.2929,0.3071,0.3780,0.503,0.0062
Butanedione,-1.340,-0.6993,-0.6407,0.5258,-1.215,0.0650
Carbutamide,1.010,0.6812,0.3288,0.1471,0.460,0.0015
Celecoxib,3.530,4.0342,-0.5042,0.6236,-1.071,0.0758
Chlorobenzene,2.840,2.2856,0.5544,0.2315,0.820,0.0082
Chlorpropamide,2.270,1.9643,0.3057,0.2194,0.447,0.0023
Chlorthalidone,0.850,1.2936,-0.4436,0.3031,-0.688,0.0083
Dapsone,0.970,0.7933,0.1767,0.6179,0.369,0.0089
Darunavir,1.890,1.7826,0.1074,0.5267,0.201,0.0018
Delavirdine,2.800,2.4252,0.3748,0.6279,0.797,0.0431
Diethyl ether,0.890,0.8143,0.0757,0.1371,0.105,0.0001
Diethyl thioether,1.950,1.3218,0.6282,0.1864,0.904,0.0075
Dioxane,-0.270,0.2620,-0.5320,0.2630,-0.804,0.0093
Diphenyl sulfone,2.140,2.3167,-0.1767,0.6179,-0.369,0.0089
Diphenyl sulfoxide,2.060,2.7476,-0.6876,0.2687,-1.047,0.0161
DMSO,-1.340,0.1989,-1.5389,0.2056,-2.332,0.0522
Dofetilide,2.100,2.4882,-0.3882,0.3951,-0.646,0.0110
Dronedarone,4.630,5.6150,-0.9850,0.4670,-1.789,0.1079
Ethanol,-0.310,0.0771,-0.3871,0.1947,-0.558,0.0030
Ethanolamine,-1.310,-0.6243,-0.6857,0.2637,-1.040,0.0155
Ethoxzolamide,2.010,0.5596,1.4504,0.1957,2.171,0.0431
Ethylamine,-0.130,-0.1875,0.0575,0.1213,0.079,0.0000
Fluorobenzene,2.270,1.8919,0.3781,0.1417,0.527,0.0019
Fosamprenavir,2.200,2.2000,-0.0000,1.0000,,
Furan,1.340,0.9763,0.3637,0.1200,0.501,0.0014
Glimepiride,3.500,2.7252,0.7748,0.3005,1.210,0.0249
Glipizide,1.910,2.8968,-0.9868,0.3144,-1.570,0.0441
Gliquidone,4.500,3.8682,0.6318,0.3671,1.034,0.0248
Glyburide,3.754,4.3357,-0.5817,0.3634,-0.948,0.0205
Glycopyramide,0.868,2.1816,-1.3136,0.3708,-2.228,0.1094
Hydrochlorothiazide,-0.070,-0.8465,0.7765,0.3907,1.302,0.0430
Ibutilide,4.600,3.6547,0.9453,0.4101,1.624,0.0713
Indapamide,2.200,2.4386,-0.2386,0.3072,-0.370,0.0025
Mefruside,1.540,1.2261,0.3139,0.4299,0.537,0.0088
Metolazone,2.500,2.1292,0.3708,0.2441,0.551,0.0040
Oxetane,-0.140,0.2183,-0.3583,0.1893,-0.514,0.0025
Paritaprevir,3.100,3.9113,-0.8113,0.5074,-1.521,0.0932
Phenol,1.460,1.0399,0.4201,0.1881,0.603,0.0034
Probenecid,3.210,2.7965,0.4135,0.4227,0.705,0.0147
Simeprevir,5.160,4.3663,0.7937,0.4814,1.447,0.0763
Sulfacetamide,-0.960,-0.0604,-0.8996,0.1197,-1.254,0.0085
Sulfadiazine,-0.090,0.3085,-0.3985,0.0927,-0.541,0.0012
Sulfadimethoxine,1.630,0.3533,1.2767,0.1437,1.831,0.0216
Sulfadimidine,0.890,0.8107,0.0793,0.1043,0.108,0.0001
Sulfadoxine,0.700,0.3533,0.3467,0.1437,0.484,0.0016
Sulfamethoxazole,0.890,0.7473,0.1427,0.1235,0.197,0.0002
Sulfamethoxydiazine,0.410,0.3309,0.0791,0.0781,0.106,0.0000
Sulfamethoxypyridazine,0.320,0.3309,-0.0109,0.0781,-0.015,0.0000
Sulfametopyrazine,0.700,0.3309,0.3691,0.0781,0.497,0.0008
Sulfamoxole,0.680,0.7244,-0.0444,0.1103,-0.061,0.0000
Sulfanilamide,-0.620,-0.9907,0.3707,0.1983,0.535,0.0029
Sulfasalazine,2.500,2.5118,-0.0118,0.3905,-0.019,0.0000
Sulfisomidine,-0.330,0.8107,-1.1407,0.1043,-1.589,0.0114
Sumatriptan,0.930,1.6250,-0.6950,0.2112,-1.018,0.0111
Tamsulosin,2.300,2.1764,0.1236,0.4191,0.209,0.0013
Tetrahydrothiophene,1.610,1.2030,0.4070,0.1662,0.576,0.0027
THF,0.460,0.6955,-0.2355,0.0994,-0.320,0.0005
Thiophene,1.810,1.5673,0.2427,0.1760,0.345,0.0010
Tipranavir,6.900,6.5218,0.3782,0.6723,0.857,0.0606
Tolazamide,2.690,2.1680,0.5220,0.3404,0.834,0.0144
Tolbutamide,2.340,1.6940,0.6460,0.1362,0.903,0.0052
Xipamide,2.190,1.9338,0.2562,0.2860,0.392,0.0025
Zonisamide,0.500,0.1905,0.3095,0.2769,0.470,0.0034
